<?xml version="1.0" encoding="UTF-8"?>
<project-private xmlns="http://www.netbeans.org/ns/project-private/1">
    <editor-bookmarks xmlns="http://www.netbeans.org/ns/editor-bookmarks/2" lastBookmarkId="0"/>
    <open-files xmlns="http://www.netbeans.org/ns/projectui-open-files/2">
        <group>
            <file>file:/C:/Users/jossb/Documents/NetBeansProjects/OOP%20Java/FinalProj_Blackjack/Final_blackjack/src/final_blackjack/Player.java</file>
            <file>file:/C:/Users/jossb/Documents/NetBeansProjects/OOP%20Java/FinalProj_Blackjack/Final_blackjack/src/final_blackjack/Card.java</file>
            <file>file:/C:/Users/jossb/Documents/NetBeansProjects/OOP%20Java/FinalProj_Blackjack/Final_blackjack/src/final_blackjack/Shoe.java</file>
            <file>file:/C:/Users/jossb/Documents/NetBeansProjects/OOP%20Java/FinalProj_Blackjack/Final_blackjack/src/final_blackjack/gameUI.java</file>
            <file>file:/C:/Users/jossb/Documents/NetBeansProjects/OOP%20Java/FinalProj_Blackjack/Final_blackjack/src/final_blackjack/Deck.java</file>
            <file>file:/C:/Users/jossb/Documents/NetBeansProjects/OOP%20Java/FinalProj_Blackjack/Final_blackjack/src/final_blackjack/Game.java</file>
            <file>file:/C:/Users/jossb/Documents/NetBeansProjects/OOP%20Java/FinalProj_Blackjack/Final_blackjack/src/final_blackjack/Main.java</file>
        </group>
    </open-files>
</project-private>
